keyword,avg_monthly_searches,competition_index,cpc_usd,trend_3m
withdrawal calculator,6200,75,6.1,+2%
retirement withdrawal tax calculator for different brackets,370,68,5.8,+1%
retirement withdrawal calculator considering healthcare costs,180,26,2.6,+10%
best free retirement withdrawal planning calculator online,760,32,3.4,+19%
retirement income withdrawal calculator with pension,220,44,4.15,+7%
401k calculator,14800,85,7.8,+4%
retirement calculator,18500,88,8.45,+3%
compound interest calculator for savings account,2700,45,3.25,+9%
retirement income,9400,78,6.55,+2%
roth ira retirement withdrawal calculator rules,480,52,4.9,+7%
retirement planning,22000,92,9.2,+1%
tax refund estimator calculator free online,5200,77,6.3,+8%
student loan repayment calculator free,3800,73,5.4,+6%
systematic retirement withdrawal calculator for portfolio,150,37,3.85,+5%
annual retirement withdrawal rate calculator with dividends,130,40,3.7,+6%
social security benefits estimator tool,4100,63,4.5,+3%
early retirement withdrawal penalty calculator free,540,18,2.15,+22%
investment return calculator with dividends,1800,50,3.95,+7%
home equity loan calculator with taxes,2400,72,5.65,+1%
retirement age,15600,65,4.2,+1%
calculate retirement withdrawal rate for early retirees,410,30,3.1,+16%
roth ira calculator,11200,82,7.3,+5%
retirement account withdrawal calculator by state,260,48,4.3,+4%
retirement savings withdrawal calculator with social security,390,65,6.22,+5%
budget planning spreadsheet template free,1600,35,2.1,+12%
safe withdrawal rate retirement calculator online,720,41,3.55,+14%
retirement withdrawal calculator with inflation adjustment,280,33,3.2,+9%
401k retirement withdrawal calculator with taxes,620,72,5.18,+8%
credit card debt payoff calculator tool,2100,60,4.1,+4%
savings account interest rate calculator,3200,55,3.5,+5%
car loan interest calculator online,2900,68,4.85,+3%
pension calculator,8100,70,5.9,+3%
mortgage payment calculator monthly,4500,80,7.15,+2%
retirement withdrawal strategy calculator with rmd,340,55,5.05,+3%
fire movement retirement withdrawal calculator tool,670,20,2.8,+25%
best retirement withdrawal calculator for early retirement,880,25,3.42,+12%
how to calculate retirement withdrawal amount annually,580,35,3.65,+13%
traditional ira retirement withdrawal calculator penalty,290,62,5.5,+2%
monthly retirement withdrawal calculator after taxes,350,58,4.75,+6%
retirement fund withdrawal calculator for couples,190,22,2.45,+11%
net worth calculator with all assets,1400,42,3.0,+6%
how much can i withdraw from retirement calculator,1450,45,4.05,+15%
retirement withdrawal calculator based on life expectancy,430,28,2.95,+8%
simple retirement withdrawal calculator for beginners,310,12,1.85,+18%
retirement withdrawal rate calculator by age,1120,38,3.78,+10%
retirement withdrawal tool,5200,15,3.90,+8%
early retirement calculator,4800,12,3.85,+11%
